Linking page,Last crawled
https://gist.github.com/johnmurch,2020-06-30
https://ipullrank.com/category/search-theory/feed/,2020-06-30
https://ibrick.wordpress.com/2007/10/,2020-06-25
http://www.jeaninehenderson.com/welcome-to-my-new-site/,2020-06-20
https://tim.blog/2009/01/27/office-chair-aeron-vs-mirra-vs-liberty/comment-page-2/?replytocom=118055,2020-06-11
http://www.thehopkinsonreport.com/category/branding-advertising/page/11/,2020-03-16
https://ipullrank.com/organic-search-rankings-v2/,2020-02-27
https://akalogue.wordpress.com/2007/07/15/iphoneのjavascript処理速度/,2020-02-16
https://dmiracle.com/2007/07/17/shut-down-your-email-close-your-feed-reader/,2019-10-31
https://www.offshorecorptalk.com/threads/using-social-media-to-get-ahead-of-search-demand.10847/,2019-07-04
http://fhwang.net/2007/05/27/Very-late-GoRuCo-wrapup,2019-06-07
http://akamatsu.org/aka/2007/page/13/,2019-05-28
https://scrollinondubs.com/2008/05/02/markamp-phoenix/,2019-01-02
https://www.johnfdoherty.com/quit-blogging/,2017-03-15
http://barcamp.org/w/page/403350/iPhoneDevCampAttendees,2016-08-16
https://github.com/johnmurch,2016-04-15
https://twitter.com/johnmurch,2016-04-13
https://www.producthunt.com/@johnmurch,2016-04-13